Tiêu đề,Mô tả,Diện tích,Giá,Địa chỉ
BÁN TOÀ CĂN HỘ VIP DÒNG THU 120TR/ THÁNG 200M2 VỊ TRÍ KIM CƯƠNG TT QUẬN HẢI CHÂU 3 X TỶ,,,,
MẶT PHỐ LÊ THANH NGHỊ VỊ TRÍ KINH DOANH SẴN NHÀ 3 TẦNG 90M2 GIÁ ĐẦU TƯ CHỈ 15 TỶ X,,,,
GẤP LẮM RỒI GIẢM HẲN HƠN 2 TỶ CĂN GÓC BIỆT THỰ GẦN 400M2 KHU VIP NAM VIỆT Á CHỈ CÒN 3X,,,,
BÁN ĐẤT BIỆT THỰ GẦN BIỂN 210M2 NGANG 10M VỊ TRÍ KD SIÊU ĐỈNH SỎ HỮU CHỈ 14 TỶ X,,,,
"🚀 ĐỊNH CƯ MỸ – BÁN GẤP TÒA CĂN HỘ ĐÀ NẴNG, DT KHỦNG, GẦN BIỂN – GIÁ SIÊU SIÊU TỐT! 🚀 🏡",,,,
"LÔ ĐẤT MT ĐƯỜNG 15M CHÍNH HỮU, BÊN CẠNH PHỐ HÀN DƯƠNG ĐÌNH NGHỆ, VỊ TRÍ ĐẸP.",,,,
"LÔ ĐẤT ĐƯỜNG 7.5M ĐÔNG KINH NGHĨA THỤC, THÔNG THẲNG RA BIỂN, BÊN CẠNH HỒ NGHINH.",,,,
"BÁN KHÁCH SẠN ĐOẠN ĐẸP NHẤT ĐƯỜNG HỒ NGHINH, 100M RA BIỂN MỸ KHÊ.",,,,
"BÁN NHÀ 3 TẦNG MẶT TIỀN - ÔNG ÍCH KHIÊM, P. HẢI CHÂU 2, Q. HẢI CHÂU, TP. ĐÀ NẴNG",,,,
BÁN ĐẤT TẶNG NHÀ – KIỆT NGUYỄN VĂN THOẠI – MỸ AN – NGŨ HÀNH SƠN – ĐÀ NẴNG,,,,
SIÊU PHẨM TÒA CĂN HỘ MẶT TIỀN ĐƯỜNG HOÀNG BÍCH SƠN- SÁT PHẠM VĂN ĐỒNG- ĐI BỘ RA BIỂN,,,,
"TTTP KIỆT OTO HẢI CHÂU ĐÀO DUY TỪ 3,5 TẦNG CHỈ 4TYx",,,,
GIẢM 2 TỶ BÁN NHANH NHÀ 3 TẦNG NGUYỄN HỮU THỌ MỚI - KINH DOANH SẦM UẤT -VỊ TRÍ ĐẮC ĐỊA.,,,,
BÁN SIÊU TÒA CĂN HỘ GIÁ TỐT - DÒNG TIỀN ĐỈNH - NẰM TRÊN TRỤC ĐƯỜNG 10.5M RẤT ĐẸP.,,,,
🔥 Nhà 3 tầng tân cổ điển mặt tiền đường 5m5 Lê Văn Sỹ -Gần trung tâm hành chính,,,,
🔥 Nhà 3 tầng 3 mê kiệt 236/.. Trần Cao Vân . Diện tích 50m dtsd 150m . Nhà 4pn 4wc,,,,
"🔥 Nhà 3 tầng mặt tiền Hoàng Diệu gần Nguyễn Văn Linh, Đoạn 2 chiều. - Diện tích 132m2",,,,
"🔥 Đất đường 10m5 , Đàm Văn Lễ , ngay bến xe trung tâm . Vị trí kinh doanh . Giá rẻ",,,,
"🔥 Đất mặt tiền Trần Đức Thông , Vị trí Đẹp , gần biển - Diện tích 80m2 ngang 5m",,,,
TOÀ NHÀ VĂN PHÒNG 7 TẦNG THANG MÁY MỚI 100% - VỊ TRÍ ĐẮC ĐỊA BÊN CẠNH CHUNG CƯ MONACHY,,,,
BÁN TOÀ CĂN HỘ VIP DÒNG THU 120TR/ THÁNG 200M2 VỊ TRÍ KIM CƯƠNG TT QUẬN HẢI CHÂU 3 X TỶ,,,,
MẶT PHỐ LÊ THANH NGHỊ VỊ TRÍ KINH DOANH SẴN NHÀ 3 TẦNG 90M2 GIÁ ĐẦU TƯ CHỈ 15 TỶ X,,,,
GẤP LẮM RỒI GIẢM HẲN HƠN 2 TỶ CĂN GÓC BIỆT THỰ GẦN 400M2 KHU VIP NAM VIỆT Á CHỈ CÒN 3X,,,,
BÁN ĐẤT BIỆT THỰ GẦN BIỂN 210M2 NGANG 10M VỊ TRÍ KD SIÊU ĐỈNH SỎ HỮU CHỈ 14 TỶ X,,,,
"🚀 ĐỊNH CƯ MỸ – BÁN GẤP TÒA CĂN HỘ ĐÀ NẴNG, DT KHỦNG, GẦN BIỂN – GIÁ SIÊU SIÊU TỐT! 🚀 🏡",,,,
"LÔ ĐẤT MT ĐƯỜNG 15M CHÍNH HỮU, BÊN CẠNH PHỐ HÀN DƯƠNG ĐÌNH NGHỆ, VỊ TRÍ ĐẸP.",,,,
"LÔ ĐẤT ĐƯỜNG 7.5M ĐÔNG KINH NGHĨA THỤC, THÔNG THẲNG RA BIỂN, BÊN CẠNH HỒ NGHINH.",,,,
"BÁN KHÁCH SẠN ĐOẠN ĐẸP NHẤT ĐƯỜNG HỒ NGHINH, 100M RA BIỂN MỸ KHÊ.",,,,
"BÁN NHÀ 3 TẦNG MẶT TIỀN - ÔNG ÍCH KHIÊM, P. HẢI CHÂU 2, Q. HẢI CHÂU, TP. ĐÀ NẴNG",,,,
BÁN ĐẤT TẶNG NHÀ – KIỆT NGUYỄN VĂN THOẠI – MỸ AN – NGŨ HÀNH SƠN – ĐÀ NẴNG,,,,
SIÊU PHẨM TÒA CĂN HỘ MẶT TIỀN ĐƯỜNG HOÀNG BÍCH SƠN- SÁT PHẠM VĂN ĐỒNG- ĐI BỘ RA BIỂN,,,,
"TTTP KIỆT OTO HẢI CHÂU ĐÀO DUY TỪ 3,5 TẦNG CHỈ 4TYx",,,,
GIẢM 2 TỶ BÁN NHANH NHÀ 3 TẦNG NGUYỄN HỮU THỌ MỚI - KINH DOANH SẦM UẤT -VỊ TRÍ ĐẮC ĐỊA.,,,,
BÁN SIÊU TÒA CĂN HỘ GIÁ TỐT - DÒNG TIỀN ĐỈNH - NẰM TRÊN TRỤC ĐƯỜNG 10.5M RẤT ĐẸP.,,,,
🔥 Nhà 3 tầng tân cổ điển mặt tiền đường 5m5 Lê Văn Sỹ -Gần trung tâm hành chính,,,,
🔥 Nhà 3 tầng 3 mê kiệt 236/.. Trần Cao Vân . Diện tích 50m dtsd 150m . Nhà 4pn 4wc,,,,
"🔥 Nhà 3 tầng mặt tiền Hoàng Diệu gần Nguyễn Văn Linh, Đoạn 2 chiều. - Diện tích 132m2",,,,
"🔥 Đất đường 10m5 , Đàm Văn Lễ , ngay bến xe trung tâm . Vị trí kinh doanh . Giá rẻ",,,,
"🔥 Đất mặt tiền Trần Đức Thông , Vị trí Đẹp , gần biển - Diện tích 80m2 ngang 5m",,,,
TOÀ NHÀ VĂN PHÒNG 7 TẦNG THANG MÁY MỚI 100% - VỊ TRÍ ĐẮC ĐỊA BÊN CẠNH CHUNG CƯ MONACHY,,,,
BÁN TOÀ CĂN HỘ VIP DÒNG THU 120TR/ THÁNG 200M2 VỊ TRÍ KIM CƯƠNG TT QUẬN HẢI CHÂU 3 X TỶ,,,,
MẶT PHỐ LÊ THANH NGHỊ VỊ TRÍ KINH DOANH SẴN NHÀ 3 TẦNG 90M2 GIÁ ĐẦU TƯ CHỈ 15 TỶ X,,,,
GẤP LẮM RỒI GIẢM HẲN HƠN 2 TỶ CĂN GÓC BIỆT THỰ GẦN 400M2 KHU VIP NAM VIỆT Á CHỈ CÒN 3X,,,,
BÁN ĐẤT BIỆT THỰ GẦN BIỂN 210M2 NGANG 10M VỊ TRÍ KD SIÊU ĐỈNH SỎ HỮU CHỈ 14 TỶ X,,,,
"🚀 ĐỊNH CƯ MỸ – BÁN GẤP TÒA CĂN HỘ ĐÀ NẴNG, DT KHỦNG, GẦN BIỂN – GIÁ SIÊU SIÊU TỐT! 🚀 🏡",,,,
"LÔ ĐẤT MT ĐƯỜNG 15M CHÍNH HỮU, BÊN CẠNH PHỐ HÀN DƯƠNG ĐÌNH NGHỆ, VỊ TRÍ ĐẸP.",,,,
"LÔ ĐẤT ĐƯỜNG 7.5M ĐÔNG KINH NGHĨA THỤC, THÔNG THẲNG RA BIỂN, BÊN CẠNH HỒ NGHINH.",,,,
"BÁN KHÁCH SẠN ĐOẠN ĐẸP NHẤT ĐƯỜNG HỒ NGHINH, 100M RA BIỂN MỸ KHÊ.",,,,
"BÁN NHÀ 3 TẦNG MẶT TIỀN - ÔNG ÍCH KHIÊM, P. HẢI CHÂU 2, Q. HẢI CHÂU, TP. ĐÀ NẴNG",,,,
BÁN ĐẤT TẶNG NHÀ – KIỆT NGUYỄN VĂN THOẠI – MỸ AN – NGŨ HÀNH SƠN – ĐÀ NẴNG,,,,
SIÊU PHẨM TÒA CĂN HỘ MẶT TIỀN ĐƯỜNG HOÀNG BÍCH SƠN- SÁT PHẠM VĂN ĐỒNG- ĐI BỘ RA BIỂN,,,,
"TTTP KIỆT OTO HẢI CHÂU ĐÀO DUY TỪ 3,5 TẦNG CHỈ 4TYx",,,,
GIẢM 2 TỶ BÁN NHANH NHÀ 3 TẦNG NGUYỄN HỮU THỌ MỚI - KINH DOANH SẦM UẤT -VỊ TRÍ ĐẮC ĐỊA.,,,,
BÁN SIÊU TÒA CĂN HỘ GIÁ TỐT - DÒNG TIỀN ĐỈNH - NẰM TRÊN TRỤC ĐƯỜNG 10.5M RẤT ĐẸP.,,,,
🔥 Nhà 3 tầng tân cổ điển mặt tiền đường 5m5 Lê Văn Sỹ -Gần trung tâm hành chính,,,,
🔥 Nhà 3 tầng 3 mê kiệt 236/.. Trần Cao Vân . Diện tích 50m dtsd 150m . Nhà 4pn 4wc,,,,
"🔥 Nhà 3 tầng mặt tiền Hoàng Diệu gần Nguyễn Văn Linh, Đoạn 2 chiều. - Diện tích 132m2",,,,
"🔥 Đất đường 10m5 , Đàm Văn Lễ , ngay bến xe trung tâm . Vị trí kinh doanh . Giá rẻ",,,,
"🔥 Đất mặt tiền Trần Đức Thông , Vị trí Đẹp , gần biển - Diện tích 80m2 ngang 5m",,,,
TOÀ NHÀ VĂN PHÒNG 7 TẦNG THANG MÁY MỚI 100% - VỊ TRÍ ĐẮC ĐỊA BÊN CẠNH CHUNG CƯ MONACHY,,,,
BÁN TOÀ CĂN HỘ VIP DÒNG THU 120TR/ THÁNG 200M2 VỊ TRÍ KIM CƯƠNG TT QUẬN HẢI CHÂU 3 X TỶ,,,,
MẶT PHỐ LÊ THANH NGHỊ VỊ TRÍ KINH DOANH SẴN NHÀ 3 TẦNG 90M2 GIÁ ĐẦU TƯ CHỈ 15 TỶ X,,,,
GẤP LẮM RỒI GIẢM HẲN HƠN 2 TỶ CĂN GÓC BIỆT THỰ GẦN 400M2 KHU VIP NAM VIỆT Á CHỈ CÒN 3X,,,,
BÁN ĐẤT BIỆT THỰ GẦN BIỂN 210M2 NGANG 10M VỊ TRÍ KD SIÊU ĐỈNH SỎ HỮU CHỈ 14 TỶ X,,,,
"🚀 ĐỊNH CƯ MỸ – BÁN GẤP TÒA CĂN HỘ ĐÀ NẴNG, DT KHỦNG, GẦN BIỂN – GIÁ SIÊU SIÊU TỐT! 🚀 🏡",,,,
"LÔ ĐẤT MT ĐƯỜNG 15M CHÍNH HỮU, BÊN CẠNH PHỐ HÀN DƯƠNG ĐÌNH NGHỆ, VỊ TRÍ ĐẸP.",,,,
"LÔ ĐẤT ĐƯỜNG 7.5M ĐÔNG KINH NGHĨA THỤC, THÔNG THẲNG RA BIỂN, BÊN CẠNH HỒ NGHINH.",,,,
"BÁN KHÁCH SẠN ĐOẠN ĐẸP NHẤT ĐƯỜNG HỒ NGHINH, 100M RA BIỂN MỸ KHÊ.",,,,
"BÁN NHÀ 3 TẦNG MẶT TIỀN - ÔNG ÍCH KHIÊM, P. HẢI CHÂU 2, Q. HẢI CHÂU, TP. ĐÀ NẴNG",,,,
BÁN ĐẤT TẶNG NHÀ – KIỆT NGUYỄN VĂN THOẠI – MỸ AN – NGŨ HÀNH SƠN – ĐÀ NẴNG,,,,
SIÊU PHẨM TÒA CĂN HỘ MẶT TIỀN ĐƯỜNG HOÀNG BÍCH SƠN- SÁT PHẠM VĂN ĐỒNG- ĐI BỘ RA BIỂN,,,,
"TTTP KIỆT OTO HẢI CHÂU ĐÀO DUY TỪ 3,5 TẦNG CHỈ 4TYx",,,,
GIẢM 2 TỶ BÁN NHANH NHÀ 3 TẦNG NGUYỄN HỮU THỌ MỚI - KINH DOANH SẦM UẤT -VỊ TRÍ ĐẮC ĐỊA.,,,,
BÁN SIÊU TÒA CĂN HỘ GIÁ TỐT - DÒNG TIỀN ĐỈNH - NẰM TRÊN TRỤC ĐƯỜNG 10.5M RẤT ĐẸP.,,,,
🔥 Nhà 3 tầng tân cổ điển mặt tiền đường 5m5 Lê Văn Sỹ -Gần trung tâm hành chính,,,,
🔥 Nhà 3 tầng 3 mê kiệt 236/.. Trần Cao Vân . Diện tích 50m dtsd 150m . Nhà 4pn 4wc,,,,
"🔥 Nhà 3 tầng mặt tiền Hoàng Diệu gần Nguyễn Văn Linh, Đoạn 2 chiều. - Diện tích 132m2",,,,
"🔥 Đất đường 10m5 , Đàm Văn Lễ , ngay bến xe trung tâm . Vị trí kinh doanh . Giá rẻ",,,,
"🔥 Đất mặt tiền Trần Đức Thông , Vị trí Đẹp , gần biển - Diện tích 80m2 ngang 5m",,,,
TOÀ NHÀ VĂN PHÒNG 7 TẦNG THANG MÁY MỚI 100% - VỊ TRÍ ĐẮC ĐỊA BÊN CẠNH CHUNG CƯ MONACHY,,,,
BÁN TOÀ CĂN HỘ VIP DÒNG THU 120TR/ THÁNG 200M2 VỊ TRÍ KIM CƯƠNG TT QUẬN HẢI CHÂU 3 X TỶ,,,,
MẶT PHỐ LÊ THANH NGHỊ VỊ TRÍ KINH DOANH SẴN NHÀ 3 TẦNG 90M2 GIÁ ĐẦU TƯ CHỈ 15 TỶ X,,,,
GẤP LẮM RỒI GIẢM HẲN HƠN 2 TỶ CĂN GÓC BIỆT THỰ GẦN 400M2 KHU VIP NAM VIỆT Á CHỈ CÒN 3X,,,,
BÁN ĐẤT BIỆT THỰ GẦN BIỂN 210M2 NGANG 10M VỊ TRÍ KD SIÊU ĐỈNH SỎ HỮU CHỈ 14 TỶ X,,,,
"🚀 ĐỊNH CƯ MỸ – BÁN GẤP TÒA CĂN HỘ ĐÀ NẴNG, DT KHỦNG, GẦN BIỂN – GIÁ SIÊU SIÊU TỐT! 🚀 🏡",,,,
"LÔ ĐẤT MT ĐƯỜNG 15M CHÍNH HỮU, BÊN CẠNH PHỐ HÀN DƯƠNG ĐÌNH NGHỆ, VỊ TRÍ ĐẸP.",,,,
"LÔ ĐẤT ĐƯỜNG 7.5M ĐÔNG KINH NGHĨA THỤC, THÔNG THẲNG RA BIỂN, BÊN CẠNH HỒ NGHINH.",,,,
"BÁN KHÁCH SẠN ĐOẠN ĐẸP NHẤT ĐƯỜNG HỒ NGHINH, 100M RA BIỂN MỸ KHÊ.",,,,
"BÁN NHÀ 3 TẦNG MẶT TIỀN - ÔNG ÍCH KHIÊM, P. HẢI CHÂU 2, Q. HẢI CHÂU, TP. ĐÀ NẴNG",,,,
BÁN ĐẤT TẶNG NHÀ – KIỆT NGUYỄN VĂN THOẠI – MỸ AN – NGŨ HÀNH SƠN – ĐÀ NẴNG,,,,
SIÊU PHẨM TÒA CĂN HỘ MẶT TIỀN ĐƯỜNG HOÀNG BÍCH SƠN- SÁT PHẠM VĂN ĐỒNG- ĐI BỘ RA BIỂN,,,,
"TTTP KIỆT OTO HẢI CHÂU ĐÀO DUY TỪ 3,5 TẦNG CHỈ 4TYx",,,,
GIẢM 2 TỶ BÁN NHANH NHÀ 3 TẦNG NGUYỄN HỮU THỌ MỚI - KINH DOANH SẦM UẤT -VỊ TRÍ ĐẮC ĐỊA.,,,,
BÁN SIÊU TÒA CĂN HỘ GIÁ TỐT - DÒNG TIỀN ĐỈNH - NẰM TRÊN TRỤC ĐƯỜNG 10.5M RẤT ĐẸP.,,,,
🔥 Nhà 3 tầng tân cổ điển mặt tiền đường 5m5 Lê Văn Sỹ -Gần trung tâm hành chính,,,,
🔥 Nhà 3 tầng 3 mê kiệt 236/.. Trần Cao Vân . Diện tích 50m dtsd 150m . Nhà 4pn 4wc,,,,
"🔥 Nhà 3 tầng mặt tiền Hoàng Diệu gần Nguyễn Văn Linh, Đoạn 2 chiều. - Diện tích 132m2",,,,
"🔥 Đất đường 10m5 , Đàm Văn Lễ , ngay bến xe trung tâm . Vị trí kinh doanh . Giá rẻ",,,,
"🔥 Đất mặt tiền Trần Đức Thông , Vị trí Đẹp , gần biển - Diện tích 80m2 ngang 5m",,,,
TOÀ NHÀ VĂN PHÒNG 7 TẦNG THANG MÁY MỚI 100% - VỊ TRÍ ĐẮC ĐỊA BÊN CẠNH CHUNG CƯ MONACHY,,,,
